Full Name,Age,Skills,Languages,Interests,Postal Code
Tara Walia,46,"['Babysitting', 'Plumbing', 'Writing']","['Marathi', 'Tamil', 'Telugu']","['Disaster Relief', 'Refugee Assistance', 'Arts and Culture']",326959
Arnav Dayal,47,"['Writing', 'Teaching', 'Accounting', 'Advocacy']","['Tamil', 'English', 'Telugu']","['Housing', ""Women's Empowerment""]",394433
Yuvaan Srinivasan,33,"['Counseling', 'Nursing']","['English', 'Marathi', 'Tamil']","['Environmental Conservation', 'Human Rights']",208224
Anvi Gola,51,"['Nutrition', 'Logistics']","['English', 'Marathi']","['Disaster Relief', 'Arts and Culture', ""Children's Education""]",477912
Dishani Boase,38,"['First-Aid', 'Translation']",['English'],['Sports and Recreation'],537100
Hiran Shroff,57,"['Computing', 'Software Development', 'First-Aid']",['French'],"['Child Welfare', 'Housing']",114906
Miraya Sura,50,['Driving'],['Tamil'],"['Arts and Culture', 'Health Initiatives', 'Mental Health']",946595
Hazel Sastry,47,"['Plumbing', 'Marketing', 'Fundraising']",['French'],"['Arts and Culture', ""Women's Empowerment""]",808092
Sahil Bawa,60,"['Web Programming', 'Fundraising', 'Editing', 'Lobbying']",['Tamil'],['Mental Health'],358757
Piya Gandhi,23,"['Writing', 'Counseling', 'Nursing', 'Marketing']","['Tamil', 'Telugu', 'French']","['Youth Development', ""Children's Education""]",245832
Jhanvi Bedi,59,"['Nutrition', 'Advocacy']","['Tamil', 'Telugu']",['Animal Welfare'],687141
Adira Dugar,58,['Editing'],"['French', 'Tamil', 'Bengali']","[""Women's Empowerment""]",243915
Ishita Khare,48,"['Editing', 'Nutrition']",['French'],"['Arts and Culture', 'Housing']",143427
Elakshi De,51,['Counseling'],['English'],['Youth Development'],704827
Zara Mahal,52,"['Web Programming', 'Fieldwork', 'Marketing']","['Telugu', 'Tamil', 'French']","['Animal Welfare', 'Health Initiatives', 'Child Welfare']",586173
Divij Sem,21,"['Lobbying', 'Web Programming', 'Back-end Programming', 'Translation']",['French'],"['Refugee Assistance', 'Arts and Culture', 'Housing']",197795
Rhea Tella,49,"['First-Aid', 'Cooking', 'Graphic Design']","['French', 'English', 'Hindi']","['Mental Health', 'Food Security', 'Child Welfare']",762141
Manjari Koshy,38,['Logistics'],['French'],"['Child Welfare', 'Human Rights', 'Mental Health']",698866
Nirvaan Sethi,37,"['Software Development', 'Web Programming', 'Nursing']","['French', 'Bengali']","[""Children's Education"", 'Senior Citizen Support']",444922
Renee Virk,54,"['Fundraising', 'Nutrition']","['Hindi', 'Marathi', 'Bengali']","['Arts and Culture', 'Refugee Assistance']",921455
Kanav Mander,26,"['First-Aid', 'Fundraising']","['Marathi', 'Bengali', 'Tamil']","[""Women's Empowerment"", 'Food Security', ""Children's Education""]",759269
Nakul Suri,60,"['Web Programming', 'Nursing', 'Computing']","['Bengali', 'Marathi']",['Senior Citizen Support'],710493
Zaina Magar,19,"['Software Development', 'Web Programming']","['Tamil', 'Marathi', 'French']",['Refugee Assistance'],709287
Divij Baria,36,"['Hardware Repair', 'Nutrition', 'Driving']",['Tamil'],['Disaster Relief'],812761
Diya Konda,56,"['Editing', 'Fieldwork']","['Hindi', 'Marathi']","['Disaster Relief', 'Child Welfare']",752376
Romil Majumdar,43,"['Photography', 'Nutrition', 'Hardware Repair']","['Marathi', 'Hindi']","['Human Rights', ""Children's Education""]",662579
Renee Bhatia,51,"['Translation', 'Marketing']",['English'],"['Housing', 'Arts and Culture', 'Human Rights']",309910
Hrishita Chaudry,36,"['Graphic Design', 'First-Aid', 'Photography', 'Driving']","['Hindi', 'French', 'Bengali']","['Food Security', 'Animal Welfare', 'Human Rights']",491397
Ahana  Bath,55,"['Editing', 'Web Programming', 'Advocacy']","['English', 'French']",['Refugee Assistance'],398614
Samar Mani,29,"['Advocacy', 'Plumbing']","['English', 'Marathi']","[""Women's Empowerment"", 'Sports and Recreation']",706305
Riaan Chanda,56,['Back-end Programming'],['Bengali'],['Senior Citizen Support'],138594
Kabir Babu,60,['Teaching'],"['Bengali', 'Marathi', 'Hindi']",['Animal Welfare'],653976
Anika Banerjee,47,"['Cooking', 'Marketing', 'Driving', 'Babysitting']","['Telugu', 'Hindi', 'French']",['Senior Citizen Support'],375658
Parinaaz Shukla,59,"['Graphic Design', 'Fundraising']",['French'],"[""Children's Education"", 'Human Rights']",777532
Indrajit Bahl,41,"['Web Programming', 'Editing', 'Plumbing', 'Back-end Programming']",['Tamil'],"['Arts and Culture', 'Mental Health']",582111
Rati Thakkar,38,['Counseling'],"['French', 'Tamil']",['Child Welfare'],767871
Renee Lala,21,"['Counseling', 'Hardware Repair']","['French', 'English']","['Refugee Assistance', 'Housing', ""Women's Empowerment""]",794872
Elakshi Tak,37,"['Counseling', 'Lobbying', 'Cooking', 'Accounting']",['Tamil'],"['Disaster Relief', 'Senior Citizen Support']",486143
Madhav Wason,25,"['Writing', 'Counseling', 'Editing']","['French', 'Hindi', 'Telugu']","['Sports and Recreation', 'Youth Development', 'Human Rights']",489479
Kavya Devan,26,"['Editing', 'Fundraising', 'Advocacy', 'Software Development']","['Bengali', 'Tamil']","['Health Initiatives', 'Human Rights']",913915
Bhamini Sahota,58,"['Hardware Repair', 'Fundraising']",['Telugu'],"['Housing', 'Mental Health', 'Sports and Recreation']",938859
Dharmajan Gaba,45,"['Editing', 'Fieldwork']","['Marathi', 'Bengali', 'Tamil']","['Youth Development', 'Human Rights', 'Housing']",124812
Aradhya Raj,22,"['Lobbying', 'Editing', 'Nutrition']","['English', 'Telugu']","['Environmental Conservation', 'Mental Health', 'Child Welfare']",201111
Kanav Dara,25,"['Editing', 'Photography']","['Telugu', 'English']","['Mental Health', 'Disaster Relief']",859820
Sana Deshmukh,46,"['Computing', 'Graphic Design', 'Lobbying']","['Hindi', 'French']",['Refugee Assistance'],923449
Renee Choudhary,48,"['Software Development', 'Web Programming', 'Writing', 'Accounting']","['Tamil', 'Bengali']","['Mental Health', 'Disaster Relief', 'Health Initiatives']",908074
Yashvi Chada,49,"['Computing', 'Fundraising', 'First-Aid']","['English', 'Hindi']","['Senior Citizen Support', 'Child Welfare', 'Refugee Assistance']",308786
Aaryahi Tandon,28,"['Nutrition', 'Graphic Design']","['English', 'Hindi', 'Bengali']",['Senior Citizen Support'],506498
Divyansh Srinivas,46,"['Babysitting', 'Nursing']","['Tamil', 'Telugu']","[""Women's Empowerment"", ""Children's Education"", 'Health Initiatives']",843838
Rasha Choudhary,39,"['Software Development', 'Veterinary']",['Hindi'],"[""Women's Empowerment"", 'Senior Citizen Support']",695625
Kaira Ravel,31,['Veterinary'],"['Hindi', 'Marathi']",['Refugee Assistance'],551471
Anay Bhatia,19,"['Advocacy', 'Photography']",['Tamil'],"[""Women's Empowerment""]",124370
Mahika Thakur,27,['Lobbying'],"['Bengali', 'French', 'Marathi']","['Animal Welfare', ""Women's Empowerment"", 'Senior Citizen Support']",903158
Vihaan Bath,44,"['Photography', 'Plumbing', 'Graphic Design']","['Marathi', 'Telugu']","['Food Security', 'Health Initiatives', 'Human Rights']",390423
Farhan Badami,18,"['Accounting', 'Counseling', 'Veterinary']",['French'],"['Mental Health', 'Environmental Conservation']",189723
Kartik Chanda,51,['Driving'],"['Hindi', 'Telugu', 'Tamil']",['Youth Development'],750680
Anvi Cheema,19,"['Fundraising', 'Lobbying', 'Logistics', 'Driving']","['Hindi', 'English', 'Bengali']","['Refugee Assistance', 'Environmental Conservation']",862295
Parinaaz Apte,47,"['Cooking', 'Lobbying', 'Translation']",['Tamil'],['Mental Health'],925778
Miraya Bedi,33,"['Babysitting', 'Software Development']",['Telugu'],"['Senior Citizen Support', 'Mental Health']",790634
Darshit Choudhry,58,"['Veterinary', 'Marketing', 'Driving']","['Hindi', 'Marathi']","[""Women's Empowerment"", 'Child Welfare']",910523
Neelofar Dora,18,"['Marketing', 'Driving', 'Lobbying']",['French'],"['Refugee Assistance', 'Animal Welfare', 'Child Welfare']",720866
Adira Chana,24,"['Nutrition', 'Back-end Programming', 'Translation', 'Babysitting']","['Tamil', 'French']","['Food Security', 'Arts and Culture', ""Women's Empowerment""]",149564
Damini Kaur,47,"['Advocacy', 'Logistics', 'Editing', 'Babysitting']","['French', 'Marathi']","['Senior Citizen Support', 'Environmental Conservation', 'Housing']",891709
Kimaya Bedi,38,"['Advocacy', 'Hardware Repair']","['English', 'French', 'Telugu']","['Environmental Conservation', 'Housing', 'Refugee Assistance']",635372
Krish De,37,['Lobbying'],['English'],"['Senior Citizen Support', 'Youth Development', 'Arts and Culture']",298979
Sana Keer,35,"['Fieldwork', 'Veterinary']","['Tamil', 'Telugu']",['Disaster Relief'],844856
Rasha Samra,56,"['Photography', 'Babysitting', 'Accounting']",['French'],['Environmental Conservation'],866925
Tiya Balakrishnan,57,"['Cooking', 'Teaching', 'Fundraising', 'First-Aid']",['French'],"[""Children's Education"", 'Child Welfare', 'Human Rights']",878173
Ishaan Garg,18,['Lobbying'],['French'],['Housing'],284480
Fateh Raju,32,"['Writing', 'Photography']","['French', 'English', 'Bengali']",['Mental Health'],133974
Nitya Chahal,32,"['Babysitting', 'Nursing', 'Back-end Programming']",['Telugu'],['Refugee Assistance'],210658
Anaya Sangha,21,"['Back-end Programming', 'Teaching', 'Advocacy', 'Counseling']","['Bengali', 'Telugu', 'Tamil']",['Child Welfare'],572321
Jiya Vohra,31,"['First-Aid', 'Writing']","['Tamil', 'Telugu', 'English']","['Arts and Culture', 'Youth Development']",450868
Nehmat Gokhale,43,"['Veterinary', 'Logistics']",['Hindi'],['Food Security'],938088
Nirvi Dass,49,"['Editing', 'Teaching', 'Nutrition', 'Veterinary']","['Hindi', 'Bengali']","['Senior Citizen Support', 'Environmental Conservation']",175871
Jhanvi Sant,18,"['Accounting', 'Logistics']","['Bengali', 'Marathi']","['Arts and Culture', 'Housing', 'Sports and Recreation']",397866
Amira Shanker,30,['Driving'],['English'],"['Refugee Assistance', 'Environmental Conservation', 'Senior Citizen Support']",413686
Shamik Shankar,34,['Nursing'],"['Marathi', 'Tamil']","[""Children's Education""]",858027
Inaaya  Dey,49,"['Fundraising', 'Writing', 'Software Development', 'Babysitting']",['Marathi'],"['Environmental Conservation', 'Refugee Assistance', 'Housing']",657157
Nakul Singh,50,['Cooking'],"['Bengali', 'Marathi', 'Tamil']","['Child Welfare', 'Youth Development']",555059
Sumer Ramaswamy,24,"['Photography', 'Back-end Programming']","['French', 'Bengali', 'Marathi']","['Health Initiatives', 'Environmental Conservation', 'Youth Development']",605458
Pari Gola,23,"['Accounting', 'Counseling', 'Advocacy']",['Bengali'],"['Sports and Recreation', 'Child Welfare']",240300
Saanvi Dubey,42,['Hardware Repair'],"['English', 'Tamil', 'Marathi']","['Health Initiatives', 'Refugee Assistance']",188590
Siya Johal,50,"['Veterinary', 'Babysitting', 'Logistics', 'Teaching']","['Hindi', 'Tamil', 'Bengali']",['Sports and Recreation'],488389
Aarav Rajan,30,"['Counseling', 'Cooking', 'Babysitting']",['Tamil'],['Environmental Conservation'],173845
Rasha Ganesh,47,['Teaching'],['Bengali'],"['Youth Development', 'Senior Citizen Support', 'Disaster Relief']",289269
Nakul Choudhury,30,"['Veterinary', 'Software Development', 'Lobbying']",['Hindi'],"['Youth Development', 'Human Rights']",190780
Uthkarsh Savant,43,"['Nutrition', 'Graphic Design', 'Fundraising']",['Bengali'],"['Senior Citizen Support', 'Mental Health', 'Refugee Assistance']",385788
Arhaan Iyer,40,"['Accounting', 'Counseling', 'Hardware Repair']","['Marathi', 'English', 'Bengali']","[""Children's Education"", 'Arts and Culture', 'Youth Development']",428160
Trisha Saini,40,"['Cooking', 'Advocacy']","['Tamil', 'English']","['Food Security', 'Mental Health']",172252
Ivan Kapoor,34,"['Hardware Repair', 'Babysitting', 'Back-end Programming', 'Logistics']",['Tamil'],"['Sports and Recreation', ""Children's Education"", 'Youth Development']",373829
Pranay Sarna,46,"['Teaching', 'Computing', 'Driving']",['Bengali'],"['Environmental Conservation', ""Children's Education"", 'Refugee Assistance']",352743
Alia Lalla,42,"['First-Aid', 'Driving']","['Tamil', 'English']",['Environmental Conservation'],794975
Jhanvi Ramakrishnan,19,"['Writing', 'Translation', 'Editing']","['Tamil', 'English', 'Telugu']","['Refugee Assistance', 'Human Rights', 'Arts and Culture']",844618
Armaan Kota,24,['Writing'],['French'],['Disaster Relief'],579979
Sahil Toor,47,['Plumbing'],['Telugu'],"[""Children's Education""]",277852
Badal Tailor,30,['Fundraising'],"['Hindi', 'Tamil', 'Marathi']","['Senior Citizen Support', 'Youth Development']",592182
Kanav Mahal,20,"['Back-end Programming', 'Nutrition', 'Advocacy']","['French', 'Bengali', 'Hindi']","['Health Initiatives', 'Refugee Assistance']",634029
Samaira Bhattacharyya,22,"['Cooking', 'Editing', 'Graphic Design']","['Marathi', 'Telugu']",['Health Initiatives'],891925
Yakshit Sane,42,"['Counseling', 'Cooking']","['Marathi', 'Tamil', 'English']","['Senior Citizen Support', 'Mental Health', 'Animal Welfare']",663269
Saksham Agarwal,35,['Babysitting'],"['Bengali', 'French']","['Disaster Relief', 'Health Initiatives']",246457
Abram Sekhon,55,"['Fundraising', 'First-Aid']","['Hindi', 'Telugu']","[""Women's Empowerment"", 'Refugee Assistance', 'Youth Development']",868044
Pari Lalla,18,"['Translation', 'Counseling', 'Veterinary', 'Logistics']","['Telugu', 'French', 'English']","['Health Initiatives', 'Mental Health']",666538
Kanav Bhargava,59,['Plumbing'],"['English', 'Tamil', 'Telugu']","[""Children's Education"", 'Sports and Recreation', 'Housing']",694669
Romil Dey,54,"['Cooking', 'Web Programming', 'Counseling', 'Computing']","['English', 'Tamil', 'Hindi']","['Child Welfare', ""Women's Empowerment""]",185715
Divyansh Khanna,58,"['Marketing', 'Accounting']","['Tamil', 'Bengali']","['Human Rights', 'Child Welfare']",706147
Mishti Baria,40,['Babysitting'],"['English', 'Telugu', 'Hindi']","['Mental Health', ""Women's Empowerment""]",177120
Raghav Kara,53,"['Driving', 'Editing']","['English', 'French', 'Tamil']",['Human Rights'],483949
Onkar Bhavsar,50,"['Nutrition', 'Lobbying', 'Photography']","['French', 'Tamil']","['Food Security', 'Sports and Recreation', 'Housing']",593659
Farhan Viswanathan,33,"['Nursing', 'Advocacy', 'Logistics', 'Nutrition']","['English', 'Hindi', 'Marathi']","[""Children's Education"", 'Arts and Culture']",729736
Ranbir Varghese,22,"['Translation', 'Cooking', 'Graphic Design', 'Fieldwork']","['Bengali', 'Tamil', 'French']","['Housing', 'Mental Health', 'Youth Development']",651253
Arnav Bahri,53,"['Advocacy', 'Back-end Programming', 'Babysitting', 'Computing']","['Telugu', 'Tamil']",['Health Initiatives'],847518
Pihu Dayal,55,"['Marketing', 'Advocacy', 'Logistics']","['Bengali', 'Marathi', 'French']","['Mental Health', 'Environmental Conservation']",399518
Tejas Mander,44,['Logistics'],"['Bengali', 'Marathi']","['Health Initiatives', 'Refugee Assistance']",291785
Siya Sarna,26,"['Fieldwork', 'Driving', 'Lobbying', 'Web Programming']","['Marathi', 'Hindi']","[""Children's Education""]",496655
Riya Rout,32,"['Hardware Repair', 'Web Programming']",['Marathi'],['Disaster Relief'],736807
Navya Kalla,31,"['Web Programming', 'Hardware Repair']","['Marathi', 'English', 'Hindi']",['Human Rights'],811890
Heer Chakraborty,47,"['Writing', 'Editing', 'Nutrition', 'Advocacy']",['Tamil'],"['Mental Health', 'Environmental Conservation', 'Health Initiatives']",528129
Uthkarsh Raj,30,"['Lobbying', 'Writing', 'Plumbing', 'Accounting']","['English', 'Marathi', 'French']","[""Women's Empowerment""]",864934
Aayush Biswas,56,"['Babysitting', 'Logistics', 'Plumbing']","['Marathi', 'French', 'Hindi']","[""Children's Education"", 'Youth Development']",696146
Purab Ganesan,34,['Computing'],"['Bengali', 'French', 'Tamil']",['Health Initiatives'],119264
Vritika Gour,35,"['Counseling', 'Web Programming']","['English', 'Tamil']","['Arts and Culture', 'Housing', 'Refugee Assistance']",164856
Shayak Sridhar,43,"['Accounting', 'Software Development', 'Graphic Design']","['Marathi', 'English', 'French']",['Environmental Conservation'],996852
Arnav Deshmukh,51,"['Fieldwork', 'Back-end Programming', 'Fundraising']","['Tamil', 'Marathi', 'Telugu']","['Health Initiatives', 'Animal Welfare', ""Women's Empowerment""]",953550
Indrajit Manne,57,"['Teaching', 'Hardware Repair']","['Hindi', 'Marathi', 'Telugu']","['Youth Development', 'Child Welfare', 'Environmental Conservation']",362757
Taran Hora,60,"['Nutrition', 'Editing', 'Babysitting']",['Marathi'],"['Arts and Culture', 'Human Rights', 'Food Security']",246419
Ritvik Bhandari,46,"['Driving', 'Nutrition', 'Marketing']","['French', 'English', 'Marathi']",['Arts and Culture'],799024
Sana Dar,41,['Plumbing'],['Bengali'],['Animal Welfare'],838743
Ryan Chakraborty,22,"['First-Aid', 'Software Development']","['Tamil', 'French', 'Bengali']",['Housing'],155765
Romil Jaggi,31,['First-Aid'],"['Telugu', 'Tamil']",['Refugee Assistance'],123400
Rohan Johal,28,['Driving'],"['French', 'Marathi']","['Disaster Relief', 'Mental Health']",810790
Divyansh Mand,26,"['Teaching', 'Software Development', 'Nursing', 'Web Programming']","['Tamil', 'Marathi', 'Hindi']","['Senior Citizen Support', 'Housing']",187635
Anika Ganguly,34,"['Fundraising', 'Counseling', 'Editing', 'Computing']","['Hindi', 'Marathi', 'French']","['Health Initiatives', 'Environmental Conservation']",467250
Gatik Khatri,55,"['Marketing', 'Nursing', 'Cooking', 'Lobbying']","['Bengali', 'English', 'Telugu']","['Sports and Recreation', 'Mental Health']",205704
Rati Kothari,45,"['Logistics', 'Web Programming']",['Marathi'],"['Mental Health', 'Housing']",545792
Armaan Dora,60,"['Accounting', 'Marketing', 'Hardware Repair']","['English', 'Telugu', 'Bengali']","['Human Rights', 'Health Initiatives', 'Animal Welfare']",592580
Sara Sankar,48,"['Cooking', 'Graphic Design']","['Telugu', 'Bengali', 'Hindi']",['Animal Welfare'],263592
Ivan Rattan,40,"['Cooking', 'Plumbing', 'Nutrition']","['French', 'Telugu']","['Senior Citizen Support', 'Refugee Assistance', ""Children's Education""]",699726
Zara Reddy,60,"['Veterinary', 'Lobbying', 'Plumbing']",['Hindi'],"['Environmental Conservation', ""Women's Empowerment""]",158092
Chirag Swamy,29,"['Counseling', 'Translation']",['Telugu'],"['Animal Welfare', 'Child Welfare']",757281
Kiaan Shere,36,['Advocacy'],"['Hindi', 'Telugu']","['Animal Welfare', 'Disaster Relief', 'Senior Citizen Support']",392958
Biju Hans,48,"['Advocacy', 'Nursing']",['Marathi'],"[""Children's Education"", 'Health Initiatives', 'Housing']",824194
Divyansh Hegde,58,"['Veterinary', 'Nutrition', 'Hardware Repair', 'Computing']",['Marathi'],"['Environmental Conservation', 'Food Security']",169741
Alia Konda,29,"['Nutrition', 'Graphic Design']","['Hindi', 'Tamil']","['Animal Welfare', 'Child Welfare']",948157
Aarna Barman,41,['Software Development'],"['Marathi', 'Hindi', 'Tamil']","['Food Security', ""Women's Empowerment"", 'Disaster Relief']",201389
Madhup De,60,"['Advocacy', 'Veterinary']","['French', 'Telugu']","['Housing', 'Animal Welfare', 'Disaster Relief']",188441
Adah Char,50,"['Babysitting', 'Photography']","['Telugu', 'Hindi', 'Tamil']",['Sports and Recreation'],496331
Farhan Balay,26,"['Editing', 'Computing']","['Bengali', 'Tamil', 'Hindi']","[""Children's Education"", ""Women's Empowerment""]",817214
Eshani Kara,51,['Plumbing'],['Hindi'],"['Arts and Culture', 'Human Rights', 'Senior Citizen Support']",433122
Fateh Kothari,44,['Teaching'],"['Marathi', 'Hindi', 'Bengali']","['Senior Citizen Support', ""Women's Empowerment"", 'Child Welfare']",766459
Onkar Chawla,32,"['Fundraising', 'Computing']",['English'],"[""Women's Empowerment"", 'Child Welfare', 'Human Rights']",724972
Yasmin Chokshi,41,"['Marketing', 'Babysitting', 'Driving', 'Teaching']",['Bengali'],"['Human Rights', 'Arts and Culture']",344957
Ehsaan Chaudhary,36,"['Advocacy', 'Logistics', 'Fundraising']",['Hindi'],"['Health Initiatives', 'Animal Welfare']",433747
Uthkarsh Golla,30,['Fundraising'],['Tamil'],"['Food Security', 'Animal Welfare', 'Sports and Recreation']",822877
Ehsaan Raju,48,"['First-Aid', 'Logistics', 'Translation']","['Tamil', 'Telugu']",['Sports and Recreation'],117395
Hunar Manda,41,"['Plumbing', 'Nutrition', 'Photography', 'Nursing']",['Tamil'],"['Senior Citizen Support', ""Children's Education""]",886416
Navya Sangha,33,"['Marketing', 'Nursing', 'Nutrition']","['English', 'Bengali', 'Telugu']","['Health Initiatives', 'Mental Health']",299792
Elakshi Kota,50,"['Logistics', 'First-Aid', 'Accounting']","['French', 'Bengali', 'Tamil']",['Refugee Assistance'],486202
Charvi Krish,25,"['Marketing', 'Software Development', 'Writing']",['Marathi'],"[""Children's Education""]",756799
Hrishita Ramaswamy,29,"['Accounting', 'Graphic Design']",['Telugu'],['Disaster Relief'],131894
Aayush Garde,47,"['Editing', 'Graphic Design', 'Accounting']","['Marathi', 'Tamil', 'English']",['Disaster Relief'],391263
Samarth Badami,33,"['Computing', 'Nursing']","['Bengali', 'Marathi', 'Hindi']","['Animal Welfare', 'Mental Health', 'Sports and Recreation']",625639
Onkar Ramachandran,18,['Software Development'],"['Telugu', 'Marathi', 'Hindi']","['Environmental Conservation', 'Animal Welfare', 'Housing']",863947
Vaibhav Manne,27,"['Cooking', 'Advocacy', 'Logistics']",['Bengali'],['Mental Health'],132745
Saanvi Sastry,54,"['Babysitting', 'Nutrition']","['English', 'Marathi', 'Tamil']","[""Women's Empowerment"", 'Youth Development', 'Mental Health']",351046
Chirag Sura,19,"['Logistics', 'Plumbing', 'First-Aid']","['French', 'English']","['Animal Welfare', 'Senior Citizen Support']",450903
Ela Vig,18,['Writing'],"['French', 'Bengali']",['Refugee Assistance'],734230
Chirag Chowdhury,40,['Writing'],['English'],"['Arts and Culture', 'Youth Development']",987762
Arnav Doctor,27,"['Nursing', 'Advocacy', 'Driving']",['English'],['Animal Welfare'],353726
Tara Uppal,56,"['Babysitting', 'Fundraising', 'Writing', 'Web Programming']","['Marathi', 'English', 'Bengali']","['Environmental Conservation', 'Sports and Recreation', 'Child Welfare']",316472
Shalv Venkataraman,49,"['Fieldwork', 'Logistics', 'Marketing', 'First-Aid']",['English'],['Human Rights'],572852
Yasmin Borde,36,"['Graphic Design', 'Back-end Programming', 'Nursing', 'First-Aid']","['French', 'Telugu', 'Tamil']","['Child Welfare', 'Human Rights', 'Animal Welfare']",267961
Umang Krishnan,56,"['Cooking', 'Back-end Programming']","['Bengali', 'Tamil']","[""Children's Education"", 'Refugee Assistance', 'Environmental Conservation']",115215
Eva Krishnamurthy,51,['Translation'],"['French', 'Hindi', 'Tamil']","['Food Security', 'Human Rights', 'Housing']",963144
Kaira Bath,39,"['Counseling', 'Fieldwork', 'Teaching']","['Bengali', 'Tamil', 'Marathi']",['Food Security'],230286
Siya Kala,56,"['Logistics', 'Counseling']",['Hindi'],"['Mental Health', 'Housing']",217619
Riaan Loyal,48,"['Writing', 'Editing', 'Driving']","['Bengali', 'Marathi']","['Senior Citizen Support', ""Women's Empowerment""]",153535
Anya Uppal,41,['Teaching'],"['Marathi', 'Bengali', 'Telugu']","['Mental Health', 'Youth Development', 'Animal Welfare']",360649
Mahika Raj,55,"['Writing', 'Cooking', 'Fundraising', 'Nursing']",['French'],"['Health Initiatives', ""Women's Empowerment""]",713973
Yasmin Anne,49,"['Computing', 'Logistics', 'Advocacy', 'Photography']","['Tamil', 'Bengali', 'Telugu']","['Child Welfare', 'Refugee Assistance', 'Mental Health']",837936
Seher Chand,31,"['Plumbing', 'Web Programming', 'Nutrition', 'Logistics']",['Tamil'],['Mental Health'],168245
Dishani Mane,55,"['Graphic Design', 'Photography', 'Translation', 'Nutrition']",['Telugu'],['Refugee Assistance'],960082
Shamik Bali,34,"['First-Aid', 'Veterinary']","['Bengali', 'Marathi', 'French']","['Sports and Recreation', 'Mental Health', 'Arts and Culture']",580180
Prerak Tella,40,"['Counseling', 'Lobbying', 'Logistics']","['Hindi', 'English']","['Child Welfare', 'Food Security']",754939
Trisha Jani,40,"['Cooking', 'Marketing', 'Nursing', 'Fieldwork']",['French'],"['Disaster Relief', 'Senior Citizen Support', 'Environmental Conservation']",520509
Zoya Handa,30,"['Software Development', 'Fieldwork']","['English', 'Tamil']","['Health Initiatives', 'Environmental Conservation']",535140
Ishaan Rege,46,"['Computing', 'Babysitting', 'Advocacy']",['Bengali'],"[""Women's Empowerment"", 'Sports and Recreation']",684790
Nakul Dhar,58,"['Photography', 'Back-end Programming']","['Telugu', 'Bengali', 'English']","['Food Security', ""Children's Education""]",891777
Bhavin Badami,35,"['Cooking', 'Nutrition', 'Lobbying', 'Back-end Programming']",['Bengali'],"[""Women's Empowerment"", 'Disaster Relief']",970654
Zeeshan Bobal,37,"['Photography', 'Cooking', 'Software Development', 'Graphic Design']",['Hindi'],"['Youth Development', 'Refugee Assistance']",635434
Lavanya Sekhon,29,"['Writing', 'Hardware Repair', 'Photography', 'Computing']",['Marathi'],['Health Initiatives'],793597
Pari Sarkar,50,"['Back-end Programming', 'Advocacy', 'Cooking']","['English', 'Hindi']","['Housing', 'Refugee Assistance', 'Food Security']",309976
Zoya Goda,20,"['Babysitting', 'Translation', 'Back-end Programming', 'Nutrition']","['Hindi', 'English', 'Tamil']","[""Children's Education"", 'Sports and Recreation']",805884
Armaan Ramesh,26,"['Marketing', 'Fieldwork', 'Nutrition']","['English', 'Hindi']","[""Children's Education""]",410319
Veer Karnik,38,['Marketing'],"['Hindi', 'Telugu', 'French']","['Child Welfare', 'Sports and Recreation']",685341
Divyansh Keer,40,"['Veterinary', 'Marketing', 'Counseling']","['French', 'Hindi']","['Disaster Relief', 'Refugee Assistance', 'Environmental Conservation']",601846
Akarsh Babu,47,"['Writing', 'Veterinary']",['French'],"['Health Initiatives', 'Human Rights', 'Refugee Assistance']",789073
Mohanlal Edwin,20,"['Photography', 'Plumbing']","['Hindi', 'Telugu', 'Bengali']",['Health Initiatives'],408950
Rati Maharaj,39,"['Photography', 'Software Development']","['Bengali', 'French']","['Environmental Conservation', 'Housing', 'Mental Health']",790208
Kartik Handa,19,"['Back-end Programming', 'Babysitting', 'Fundraising', 'Logistics']","['Marathi', 'Telugu', 'French']","['Refugee Assistance', 'Sports and Recreation']",392174
Faiyaz Wadhwa,42,['Writing'],['Bengali'],"['Environmental Conservation', 'Health Initiatives', 'Senior Citizen Support']",849506
Manjari Sarma,37,"['Hardware Repair', 'Graphic Design', 'Plumbing']","['Marathi', 'Telugu', 'English']",['Health Initiatives'],623496
Mannat Raval,22,['Writing'],['Hindi'],"['Child Welfare', 'Refugee Assistance', 'Youth Development']",738879
Nehmat Bhatia,32,"['Editing', 'Back-end Programming']","['Bengali', 'English']","['Food Security', 'Environmental Conservation']",960085
Vedika Vala,50,"['Hardware Repair', 'Editing']","['Bengali', 'Telugu']",['Disaster Relief'],672129
Vidur Sura,41,['Computing'],"['Telugu', 'Hindi']","['Housing', ""Women's Empowerment""]",845132
Shanaya Viswanathan,28,['Veterinary'],"['Tamil', 'Marathi', 'French']",['Environmental Conservation'],582016
Ela Vasa,28,"['Veterinary', 'Babysitting', 'Writing']","['Telugu', 'Marathi']",['Food Security'],811891
Armaan Srinivas,49,"['Plumbing', 'Cooking', 'Veterinary']","['Telugu', 'Tamil']","['Mental Health', 'Child Welfare', 'Health Initiatives']",293225
Ahana  Grewal,52,"['Counseling', 'Driving', 'Veterinary']",['Bengali'],"['Food Security', 'Human Rights', 'Mental Health']",958549
Amani Gokhale,51,['Lobbying'],['Tamil'],"['Food Security', 'Senior Citizen Support', 'Youth Development']",386347
Azad Yohannan,50,"['Editing', 'Software Development', 'Logistics', 'Nursing']",['Hindi'],"[""Children's Education""]",841309
Aradhya Datta,36,"['Teaching', 'Babysitting', 'Translation']","['Bengali', 'Hindi', 'Telugu']",['Sports and Recreation'],647679
Elakshi Sama,30,"['Translation', 'Hardware Repair']","['Hindi', 'Bengali', 'English']","['Animal Welfare', 'Senior Citizen Support', 'Arts and Culture']",576015
Manikya Batra,47,['Photography'],"['Marathi', 'French', 'Tamil']","['Sports and Recreation', 'Refugee Assistance', 'Mental Health']",728814
Dishani Dua,29,"['Translation', 'Plumbing', 'Nutrition']",['Telugu'],['Youth Development'],377800
Hunar Kala,37,['Nursing'],"['Marathi', 'Hindi', 'Telugu']","['Youth Development', 'Animal Welfare']",242388
Dharmajan Ben,32,['Web Programming'],"['English', 'Bengali']","['Housing', ""Women's Empowerment"", 'Food Security']",750630
Chirag Bawa,30,"['Logistics', 'Nutrition']",['Bengali'],"['Environmental Conservation', ""Women's Empowerment""]",628598
Urvi Brahmbhatt,60,"['Photography', 'First-Aid']",['English'],"['Sports and Recreation', 'Senior Citizen Support', 'Arts and Culture']",745889
Vritika Kapoor,49,"['Web Programming', 'Logistics']","['Hindi', 'Telugu', 'Marathi']","['Human Rights', 'Arts and Culture']",177174
Piya Joshi,29,"['Nutrition', 'Photography']","['Hindi', 'English', 'Marathi']",['Child Welfare'],529555
Charvi Venkatesh,20,"['Teaching', 'Editing', 'Lobbying']","['Bengali', 'English']",['Senior Citizen Support'],186385
Saira Date,33,"['Veterinary', 'Teaching']",['French'],"['Animal Welfare', 'Sports and Recreation', 'Child Welfare']",153057
Sumer Banik,60,"['Software Development', 'Logistics', 'Fieldwork']",['Telugu'],['Human Rights'],458544
Taimur Saraf,27,"['Nutrition', 'Computing']","['Marathi', 'Tamil']",['Human Rights'],888603
Shray Ghosh,50,['Fundraising'],"['English', 'Bengali', 'Telugu']","['Child Welfare', 'Food Security', 'Mental Health']",444219
Aayush Thakur,36,['Nutrition'],"['Bengali', 'Tamil']","['Child Welfare', 'Food Security']",825864
Tejas Banik,43,['Cooking'],['French'],['Senior Citizen Support'],638728
Lakshay Agarwal,52,['Software Development'],"['Tamil', 'Bengali']","['Arts and Culture', ""Children's Education""]",963575
Nirvi Samra,21,['Translation'],['Hindi'],"[""Children's Education"", 'Human Rights']",350774
Siya Aggarwal,55,"['Veterinary', 'Teaching', 'Nutrition']","['Bengali', 'Hindi']","['Senior Citizen Support', 'Sports and Recreation', 'Refugee Assistance']",835718
Tushar Sant,34,['Web Programming'],['Bengali'],"['Senior Citizen Support', ""Women's Empowerment"", 'Housing']",733586
Lavanya Dada,54,"['Translation', 'Teaching', 'Lobbying', 'Fundraising']","['English', 'Telugu']",['Arts and Culture'],204566
Kabir Karan,39,"['Babysitting', 'Editing']",['Marathi'],"['Sports and Recreation', 'Animal Welfare']",564062
Anvi Gera,25,"['Hardware Repair', 'Logistics']","['Telugu', 'Tamil']","[""Women's Empowerment""]",150890
Hansh Atwal,42,"['Graphic Design', 'Counseling', 'Teaching', 'Nutrition']","['French', 'English', 'Hindi']","['Animal Welfare', 'Sports and Recreation', 'Food Security']",123128
Taran Ganesh,43,"['Lobbying', 'Advocacy']",['English'],['Refugee Assistance'],212308
Riaan Divan,21,"['Hardware Repair', 'Counseling']","['Marathi', 'English', 'Hindi']",['Sports and Recreation'],397104
Kabir Rajagopalan,38,"['Translation', 'Software Development', 'Editing', 'Plumbing']","['French', 'Bengali']",['Housing'],453839
Ehsaan Loke,44,"['Logistics', 'Veterinary', 'Plumbing', 'Graphic Design']","['Tamil', 'English']",['Food Security'],244394
Indranil Guha,18,"['Photography', 'Advocacy', 'Teaching']",['Bengali'],"[""Children's Education"", 'Child Welfare', 'Housing']",488315
Gokul Suri,28,"['Fundraising', 'Hardware Repair', 'Accounting']",['French'],['Refugee Assistance'],653959
Saksham Kumar,22,"['Driving', 'Babysitting', 'Cooking']",['Hindi'],"['Child Welfare', 'Refugee Assistance', 'Youth Development']",302011
Miraan Shroff,60,"['Cooking', 'Marketing', 'Driving']","['Bengali', 'French', 'Marathi']","['Food Security', ""Children's Education""]",593743
Riaan Grewal,43,"['Translation', 'Advocacy', 'Marketing', 'Counseling']","['Tamil', 'Telugu', 'French']","['Refugee Assistance', 'Housing', 'Disaster Relief']",710880
Nitara Bajaj,35,"['Teaching', 'Advocacy']","['Bengali', 'Hindi']",['Animal Welfare'],578721
Kismat Anne,58,"['Web Programming', 'Lobbying']","['Tamil', 'English']",['Health Initiatives'],207711
Dhanuk Sarna,57,"['Counseling', 'Computing']",['Marathi'],"[""Women's Empowerment""]",165913
Hansh Kade,28,"['Counseling', 'Graphic Design', 'Translation']","['French', 'English']",['Refugee Assistance'],320642
Ira Joshi,55,"['Nursing', 'Hardware Repair', 'Plumbing']",['Telugu'],"['Environmental Conservation', 'Animal Welfare', 'Senior Citizen Support']",436807
Kiara Kakar,31,"['Nutrition', 'Cooking']",['Tamil'],"['Mental Health', ""Children's Education""]",713294
Navya Goel,38,"['Software Development', 'Nutrition']","['French', 'English']","['Youth Development', 'Mental Health']",452279
Nishith Kapadia,47,"['Nutrition', 'Driving', 'Computing', 'Nursing']",['Marathi'],"['Sports and Recreation', 'Health Initiatives']",934827
Navya Lalla,60,"['Graphic Design', 'Counseling', 'Cooking']","['Bengali', 'French']","['Animal Welfare', 'Food Security', 'Disaster Relief']",502102
Uthkarsh Jayaraman,43,"['Cooking', 'Back-end Programming', 'Advocacy', 'Hardware Repair']",['English'],"['Child Welfare', 'Senior Citizen Support']",881770
Zeeshan Seth,47,"['Photography', 'Nutrition', 'Plumbing', 'Fundraising']",['Hindi'],"[""Children's Education"", 'Animal Welfare', 'Youth Development']",376091
Advika Chaudry,27,['Web Programming'],"['Tamil', 'Telugu']",['Disaster Relief'],975639
Ritvik Keer,41,"['Cooking', 'Software Development', 'Advocacy']","['Telugu', 'French', 'English']",['Senior Citizen Support'],951534
Kabir Sunder,41,"['Accounting', 'Marketing', 'Fundraising']",['Bengali'],['Sports and Recreation'],806431
Raghav Bhalla,41,"['Logistics', 'Translation', 'Fieldwork', 'Hardware Repair']","['French', 'Telugu', 'Marathi']","['Arts and Culture', 'Housing']",121010
Yashvi Sarna,43,"['Software Development', 'Writing']","['Telugu', 'Marathi', 'Bengali']","[""Women's Empowerment""]",875125
Yakshit Chanda,32,"['Fundraising', 'Advocacy', 'Nutrition', 'Web Programming']",['Tamil'],"['Animal Welfare', 'Housing']",965473
Adah Chahal,59,"['Counseling', 'Nursing']",['Marathi'],"[""Children's Education"", 'Health Initiatives']",969851
Amani Garde,22,"['Hardware Repair', 'Counseling', 'Translation']","['Marathi', 'French']","['Human Rights', 'Food Security']",867639
Sumer Kashyap,42,"['Fundraising', 'Veterinary']",['Telugu'],"[""Children's Education""]",747703
Anya Shroff,39,"['First-Aid', 'Marketing']","['Hindi', 'English']",['Human Rights'],130277
Ritvik Acharya,54,"['Fieldwork', 'Teaching', 'Back-end Programming']",['Bengali'],"['Health Initiatives', 'Refugee Assistance']",911741
Miraya Kashyap,45,"['Teaching', 'Nursing', 'Accounting', 'Nutrition']",['Hindi'],['Child Welfare'],641790
Madhav Dixit,49,"['Advocacy', 'Teaching']","['Marathi', 'Telugu', 'Bengali']","['Housing', ""Women's Empowerment""]",979531
Tiya Rau,42,"['Driving', 'Lobbying', 'Writing']",['English'],"['Arts and Culture', ""Children's Education""]",216265
Inaaya  Ramanathan,50,"['Nursing', 'Writing', 'Logistics']",['Tamil'],['Food Security'],454201
Aarna Sastry,54,"['Accounting', 'Lobbying', 'Fundraising', 'Software Development']","['Hindi', 'Telugu']",['Arts and Culture'],567801
Divij Sane,57,"['Back-end Programming', 'Teaching']",['English'],['Arts and Culture'],274126
Tara D’Alia,30,"['Web Programming', 'Writing']",['English'],"['Senior Citizen Support', ""Women's Empowerment""]",708312
Ranbir Raval,57,"['Advocacy', 'Plumbing', 'Logistics', 'Nursing']","['Tamil', 'Telugu', 'Marathi']","['Housing', 'Mental Health']",212701
Fateh Deshmukh,40,"['Nursing', 'Back-end Programming', 'Veterinary']",['Telugu'],['Environmental Conservation'],941107
Aarav Dave,48,"['Counseling', 'Advocacy', 'Editing']","['Telugu', 'Marathi']",['Mental Health'],528468
Eshani Walia,50,"['Back-end Programming', 'Logistics', 'Hardware Repair', 'Teaching']","['English', 'Hindi']","['Child Welfare', 'Mental Health', 'Housing']",920197
Ahana  Behl,32,"['Driving', 'Advocacy', 'Logistics']",['Marathi'],['Disaster Relief'],288263
Sumer Dhar,56,"['Translation', 'Marketing', 'Editing']","['Tamil', 'French']",['Environmental Conservation'],803810
Kimaya Basak,38,"['Computing', 'Logistics', 'Cooking']",['Bengali'],"['Child Welfare', ""Women's Empowerment"", 'Human Rights']",752538
Devansh Sule,49,['Lobbying'],['French'],"['Child Welfare', 'Food Security']",832001
Ryan Loke,35,['Hardware Repair'],"['French', 'English', 'Bengali']","['Senior Citizen Support', 'Environmental Conservation', 'Disaster Relief']",986249
Fateh Lanka,41,['Driving'],"['Marathi', 'French']","['Animal Welfare', 'Health Initiatives', ""Children's Education""]",492805
Tarini Bumb,34,"['Web Programming', 'Graphic Design', 'First-Aid', 'Lobbying']",['Tamil'],"['Arts and Culture', 'Sports and Recreation', 'Youth Development']",990794
Zeeshan Vasa,32,"['Babysitting', 'Writing']",['Tamil'],"['Environmental Conservation', 'Child Welfare', ""Children's Education""]",740366
Raunak Lad,51,"['Fundraising', 'Graphic Design', 'Hardware Repair']","['Bengali', 'Marathi', 'French']",['Disaster Relief'],688845
Kaira Lal,49,"['Writing', 'Accounting']","['Telugu', 'French']","['Child Welfare', 'Senior Citizen Support', 'Sports and Recreation']",678490
Hazel Ben,50,"['Translation', 'Plumbing']","['Hindi', 'Bengali']","[""Children's Education""]",868199
Myra Magar,38,"['Nutrition', 'Logistics', 'Hardware Repair', 'Counseling']",['English'],['Environmental Conservation'],653525
Seher Sood,19,"['Cooking', 'Babysitting', 'Teaching']",['Bengali'],"['Child Welfare', 'Youth Development', ""Children's Education""]",981010
Riaan Kant,21,"['Lobbying', 'Nutrition', 'Fundraising']",['Marathi'],"['Environmental Conservation', ""Children's Education"", 'Mental Health']",768437
Jiya Ratti,44,"['Accounting', 'Logistics', 'Lobbying']","['Marathi', 'Hindi', 'Telugu']","[""Children's Education"", 'Youth Development']",471548
Indranil Bhatia,30,"['First-Aid', 'Plumbing', 'Counseling']","['English', 'Tamil', 'Marathi']",['Child Welfare'],152004
Vaibhav Iyer,24,['Counseling'],"['Tamil', 'French']","['Child Welfare', 'Sports and Recreation', 'Disaster Relief']",591222
Hiran Mammen,60,"['Translation', 'Teaching', 'Photography', 'Babysitting']","['Bengali', 'English', 'Tamil']","['Environmental Conservation', 'Animal Welfare', ""Children's Education""]",593228
Sumer Raval,49,"['Photography', 'Accounting', 'Software Development']","['Tamil', 'Telugu', 'English']",['Mental Health'],830073
Shanaya Johal,45,"['Logistics', 'Computing', 'Teaching', 'Hardware Repair']","['Telugu', 'Hindi']",['Housing'],360401
Anvi Konda,28,"['Fieldwork', 'Hardware Repair']","['Bengali', 'English', 'Marathi']",['Housing'],999837
Bhamini Sachdev,24,"['Fieldwork', 'Hardware Repair', 'Marketing', 'Web Programming']","['Marathi', 'English']","['Health Initiatives', ""Children's Education"", 'Food Security']",568823
Ahana  Doctor,31,"['Nursing', 'Writing']","['Telugu', 'Bengali', 'Tamil']","['Environmental Conservation', 'Food Security', 'Refugee Assistance']",346905
Shanaya Kota,48,['Babysitting'],['French'],"[""Children's Education"", 'Housing', 'Refugee Assistance']",502673
Misha Chokshi,47,"['Logistics', 'Web Programming', 'Driving']",['English'],['Health Initiatives'],152282
Sumer Keer,38,['Babysitting'],"['Marathi', 'Bengali', 'Telugu']","['Housing', 'Sports and Recreation']",547328
Aayush Vaidya,27,['Lobbying'],"['Tamil', 'Telugu']","['Human Rights', 'Child Welfare']",562301
Piya Verma,18,"['Software Development', 'Plumbing', 'Logistics']",['Hindi'],['Youth Development'],688062
Piya Shanker,49,"['Advocacy', 'Editing', 'Accounting', 'Babysitting']","['English', 'Hindi', 'Telugu']","[""Women's Empowerment""]",281341
Aarush Gole,58,['Veterinary'],"['French', 'Marathi', 'Tamil']","['Sports and Recreation', 'Food Security']",348480
Farhan Rao,56,['Hardware Repair'],"['English', 'French', 'Marathi']","['Housing', ""Women's Empowerment"", 'Disaster Relief']",844695
Purab Vohra,38,"['Nutrition', 'Graphic Design', 'Software Development']","['French', 'Bengali', 'Marathi']",['Mental Health'],458956
Samiha Yohannan,38,"['Marketing', 'Advocacy']",['Marathi'],"['Disaster Relief', ""Children's Education"", 'Animal Welfare']",267628
Hridaan Sheth,26,"['Driving', 'Software Development', 'First-Aid', 'Babysitting']",['Hindi'],"['Animal Welfare', 'Disaster Relief']",740367
Kanav Ben,58,"['Graphic Design', 'Driving', 'Editing']","['Telugu', 'Hindi']","['Human Rights', 'Animal Welfare']",468753
Amira Sehgal,28,"['Plumbing', 'Nutrition', 'Cooking', 'Graphic Design']","['French', 'Hindi', 'Tamil']","['Housing', 'Food Security']",721811
Veer Chad,33,"['Translation', 'Lobbying']","['Bengali', 'French']","['Arts and Culture', 'Disaster Relief']",148225
Aaina Sabharwal,21,['Nutrition'],"['Bengali', 'Hindi', 'Tamil']","['Refugee Assistance', 'Housing', 'Child Welfare']",957716
Hunar Kapur,36,['Driving'],"['Bengali', 'Hindi']","['Food Security', ""Children's Education""]",292041
Eshani Dugar,30,['Lobbying'],"['Tamil', 'Telugu', 'Hindi']","['Youth Development', ""Children's Education"", 'Animal Welfare']",945417
Lakshay Chander,33,"['Back-end Programming', 'Web Programming', 'First-Aid']","['French', 'Bengali', 'Hindi']","['Arts and Culture', 'Human Rights']",694419
Stuvan Subramanian,31,"['Photography', 'Editing', 'Accounting', 'Computing']","['Marathi', 'Hindi']",['Health Initiatives'],436496
Aaryahi Swamy,47,"['Logistics', 'Editing', 'Graphic Design', 'Web Programming']","['Hindi', 'Tamil', 'French']",['Child Welfare'],201686
Vidur Sethi,56,"['Photography', 'Veterinary', 'Editing']",['French'],"['Health Initiatives', 'Refugee Assistance', 'Child Welfare']",348579
Yashvi Chaudhari,59,"['Nursing', 'Logistics', 'Babysitting', 'Advocacy']","['Bengali', 'Telugu']",['Refugee Assistance'],849632
Lagan Raj,25,"['Cooking', 'Graphic Design']",['French'],"['Environmental Conservation', 'Arts and Culture', 'Senior Citizen Support']",570835
Vidur Badal,20,['Web Programming'],"['Telugu', 'Bengali']",['Arts and Culture'],630967
Myra Basak,53,['First-Aid'],"['Hindi', 'English']",['Environmental Conservation'],454354
Tejas Balakrishnan,20,"['First-Aid', 'Fundraising', 'Cooking']",['Telugu'],"['Senior Citizen Support', 'Health Initiatives']",248860
Mehul Ramaswamy,52,"['Babysitting', 'Marketing']",['Telugu'],['Sports and Recreation'],543390
Manjari Bassi,52,['Nutrition'],['Telugu'],"[""Children's Education"", 'Housing', 'Arts and Culture']",599225
Trisha Vyas,58,"['Cooking', 'Editing', 'Nursing', 'Plumbing']",['English'],['Disaster Relief'],543834
Zain Karnik,33,"['Fundraising', 'Nutrition', 'Graphic Design']","['English', 'Telugu']","['Mental Health', 'Animal Welfare', 'Housing']",670997
Mohanlal Sarin,19,['Teaching'],"['Tamil', 'French']","['Arts and Culture', ""Women's Empowerment""]",627408
Kavya Karan,31,"['Fundraising', 'Web Programming', 'Marketing', 'First-Aid']",['French'],['Animal Welfare'],417952
Onkar Sarraf,22,"['Driving', 'Teaching']","['Hindi', 'English']",['Housing'],379807
Madhav Ganguly,46,"['Translation', 'Fundraising']",['English'],"['Child Welfare', 'Environmental Conservation']",616710
Arnav Bains,36,"['Counseling', 'Fundraising']","['Hindi', 'Telugu', 'Bengali']",['Refugee Assistance'],290539
Ishaan Gill,57,"['Lobbying', 'Marketing']",['English'],"['Human Rights', 'Health Initiatives']",453294
Riaan Sagar,35,"['Teaching', 'Marketing']","['Tamil', 'English']","[""Women's Empowerment"", 'Human Rights', 'Food Security']",727331
Hiran Balay,41,['Veterinary'],['French'],"['Housing', 'Sports and Recreation', 'Arts and Culture']",851699
Pihu Choudhry,22,"['Teaching', 'Nutrition']",['Hindi'],['Food Security'],463810
Ivana Choudhry,34,"['Editing', 'Graphic Design', 'Computing']",['Marathi'],['Child Welfare'],248924
Kartik Gara,20,"['Counseling', 'Teaching']",['Telugu'],"[""Women's Empowerment"", ""Children's Education""]",146897
Mahika Wagle,60,"['Software Development', 'Photography', 'Fieldwork', 'Babysitting']","['Telugu', 'Hindi']","['Food Security', 'Youth Development']",842587
Yashvi Dutta,36,"['Cooking', 'Nursing', 'Writing']","['Telugu', 'Marathi']","['Housing', 'Food Security', 'Health Initiatives']",449512
Heer Kari,52,['Cooking'],['Tamil'],"['Child Welfare', 'Senior Citizen Support', 'Human Rights']",901106
Onkar Atwal,50,"['Fundraising', 'Babysitting', 'Nutrition', 'Lobbying']","['Bengali', 'Hindi']","['Health Initiatives', 'Senior Citizen Support', ""Children's Education""]",906005
Kanav Gour,19,['Logistics'],"['Telugu', 'Bengali']","['Child Welfare', 'Mental Health']",563360
Lakshay Virk,60,"['Nursing', 'Hardware Repair']",['Marathi'],['Senior Citizen Support'],872438
Kanav Toor,36,"['Editing', 'Babysitting', 'Computing', 'Teaching']",['Hindi'],['Health Initiatives'],113993
Ojas Samra,54,"['Computing', 'Web Programming', 'Hardware Repair']","['French', 'Telugu']","['Food Security', 'Child Welfare', 'Youth Development']",585088
Sahil Kuruvilla,52,"['Fieldwork', 'Logistics', 'Nursing']","['French', 'Bengali']",['Health Initiatives'],236217
Onkar Khosla,51,['Fundraising'],['Telugu'],"['Health Initiatives', 'Arts and Culture', ""Women's Empowerment""]",569740
Riya Dar,34,"['Veterinary', 'Translation', 'Driving', 'Fundraising']","['Hindi', 'Tamil', 'English']","[""Women's Empowerment""]",488120
Ryan Majumdar,35,"['Nutrition', 'Computing', 'Accounting', 'Back-end Programming']","['Bengali', 'French']","['Human Rights', 'Senior Citizen Support', 'Mental Health']",645555
Aayush Karpe,31,"['Nutrition', 'Nursing', 'Veterinary']",['Telugu'],"['Health Initiatives', 'Child Welfare', 'Disaster Relief']",719381
Samaira Kanda,31,"['Web Programming', 'Counseling', 'Babysitting', 'Translation']","['Bengali', 'English', 'Telugu']","['Food Security', 'Human Rights']",408534
Zoya Jhaveri,48,"['Translation', 'Cooking', 'Fundraising']","['Tamil', 'Hindi']","['Sports and Recreation', 'Refugee Assistance']",556443
Amira Kannan,35,"['Photography', 'Fieldwork']","['Telugu', 'Bengali', 'Tamil']",['Animal Welfare'],419403
Dharmajan Baria,55,"['Fundraising', 'Graphic Design']","['Bengali', 'Marathi', 'French']",['Disaster Relief'],115540
Divyansh Thaker,50,"['Accounting', 'Fieldwork']","['French', 'English']",['Youth Development'],651205
Zain Wagle,20,"['Nutrition', 'Teaching']",['Bengali'],"['Housing', 'Health Initiatives']",741334
Advika Ramesh,35,"['Nutrition', 'Advocacy']",['Tamil'],['Housing'],486196
Aaryahi Mammen,25,"['Logistics', 'Hardware Repair', 'Fundraising']","['Marathi', 'French', 'Bengali']","['Environmental Conservation', 'Arts and Culture']",500312
Arnav Chana,52,"['Cooking', 'Babysitting']","['English', 'Marathi', 'Telugu']",['Refugee Assistance'],370028
Ayesha Choudhary,45,"['Editing', 'Teaching']","['English', 'Hindi']","['Arts and Culture', 'Youth Development']",860988
Ranbir Goda,40,['Web Programming'],"['Telugu', 'Bengali']",['Health Initiatives'],359956
Adira Bera,41,"['Hardware Repair', 'Plumbing', 'Graphic Design']",['Telugu'],"[""Women's Empowerment""]",289288
Manjari Madan,59,"['Babysitting', 'Fieldwork', 'Logistics']",['English'],['Senior Citizen Support'],755094
Riya Divan,48,"['Cooking', 'Software Development']","['Marathi', 'Telugu', 'Bengali']","['Senior Citizen Support', 'Sports and Recreation', 'Youth Development']",289338
Drishya Ramakrishnan,36,"['Fundraising', 'Software Development', 'Nutrition']","['Telugu', 'Hindi']","['Disaster Relief', 'Sports and Recreation', 'Senior Citizen Support']",446207
Heer Ravel,33,['Marketing'],['Hindi'],['Child Welfare'],668858
Purab D’Alia,58,['Lobbying'],['English'],"['Sports and Recreation', 'Disaster Relief']",894551
Fateh Rana,45,"['Fieldwork', 'Graphic Design', 'Computing', 'Nutrition']","['French', 'Hindi']","['Arts and Culture', 'Youth Development', 'Human Rights']",794125
Jayant Sha,21,"['Hardware Repair', 'Translation', 'Logistics']","['English', 'Marathi']","[""Women's Empowerment""]",636554
Nishith Chopra,42,"['Hardware Repair', 'Teaching', 'Web Programming', 'Driving']","['Hindi', 'Telugu']","[""Children's Education""]",680765
Sara Sahni,55,['Nutrition'],['French'],['Housing'],640066
Seher Loyal,28,"['Marketing', 'Cooking']","['English', 'Tamil', 'Hindi']",['Youth Development'],552525
Badal Bhat,43,"['Logistics', 'First-Aid', 'Cooking', 'Web Programming']","['Bengali', 'French', 'Telugu']","['Human Rights', 'Animal Welfare', 'Mental Health']",213359
Neelofar Deshpande,51,"['Counseling', 'Driving', 'Hardware Repair']","['Marathi', 'Tamil', 'Hindi']",['Senior Citizen Support'],603935
Sara Mandal,49,['Nursing'],"['French', 'Bengali']","['Animal Welfare', 'Youth Development']",489728
Manikya Sandal,48,"['Photography', 'Web Programming', 'Fieldwork', 'Writing']",['Marathi'],['Mental Health'],959048
Madhup Shankar,55,"['Babysitting', 'Back-end Programming', 'Plumbing']",['Marathi'],"['Animal Welfare', 'Food Security']",348527
Chirag Lad,31,"['First-Aid', 'Lobbying', 'Veterinary', 'Plumbing']","['Bengali', 'French', 'English']","['Disaster Relief', ""Children's Education""]",728056
Pari Gade,27,"['Plumbing', 'Nursing', 'Back-end Programming', 'Photography']","['Tamil', 'French']","['Child Welfare', 'Disaster Relief']",672367
Umang Ratti,18,"['Teaching', 'Counseling']","['English', 'Tamil', 'Hindi']","['Refugee Assistance', 'Environmental Conservation']",997303
Reyansh Manne,27,['Lobbying'],"['Tamil', 'English', 'Bengali']","['Food Security', 'Health Initiatives']",714682
Hiran Tailor,53,['Nutrition'],['Tamil'],['Senior Citizen Support'],557061
Ishita Krishnan,28,['Hardware Repair'],"['Telugu', 'Marathi']","[""Children's Education"", 'Human Rights', 'Environmental Conservation']",563716
Tejas Master,49,"['Cooking', 'Marketing']","['Telugu', 'Tamil', 'English']","['Arts and Culture', 'Housing']",125514
Zoya Bhattacharyya,39,['Plumbing'],"['Telugu', 'Tamil']","['Housing', 'Health Initiatives', 'Animal Welfare']",916455
Indrans Chakrabarti,37,"['Nursing', 'Counseling']","['English', 'Hindi']","['Animal Welfare', 'Human Rights']",765297
Himmat Singhal,33,"['Software Development', 'Veterinary']",['Telugu'],"['Youth Development', 'Refugee Assistance', 'Animal Welfare']",372392
Vardaniya Soman,39,"['Advocacy', 'Logistics', 'Fundraising']","['Marathi', 'English', 'Telugu']","['Senior Citizen Support', 'Health Initiatives', 'Sports and Recreation']",645295
Jiya Sinha,30,"['Hardware Repair', 'Lobbying']","['Telugu', 'French', 'Bengali']",['Health Initiatives'],335579
Miraan Sha,19,"['Nutrition', 'Hardware Repair']","['Telugu', 'Bengali', 'Tamil']","['Arts and Culture', ""Women's Empowerment""]",312726
Mehul Sidhu,26,"['Computing', 'Translation']","['English', 'Hindi', 'Tamil']","['Food Security', 'Environmental Conservation', 'Senior Citizen Support']",216857
Sumer Ramanathan,26,['Writing'],['Marathi'],"['Disaster Relief', 'Mental Health']",237299
Mohanlal Krish,36,['Software Development'],['English'],['Disaster Relief'],698327
Mannat Thaman,57,"['Marketing', 'Software Development', 'Back-end Programming', 'Writing']",['Bengali'],['Food Security'],463513
Eshani Raju,57,"['Babysitting', 'Logistics', 'Advocacy']",['Telugu'],"[""Children's Education""]",756724
Ayesha Kari,57,"['Logistics', 'Photography', 'Lobbying']",['Bengali'],"['Mental Health', 'Arts and Culture']",690327
Abram Choudhary,34,"['Fundraising', 'Marketing', 'Web Programming', 'Writing']",['Marathi'],"['Animal Welfare', 'Senior Citizen Support', ""Women's Empowerment""]",912271
Nitara Wable,53,"['Graphic Design', 'Lobbying', 'Nutrition', 'Marketing']",['English'],"['Child Welfare', 'Animal Welfare']",292014
Zoya Shan,58,"['Accounting', 'Cooking']","['English', 'Marathi', 'Tamil']","['Animal Welfare', ""Children's Education"", 'Health Initiatives']",578383
Inaaya  Dugar,58,"['Nutrition', 'Fundraising']","['French', 'Tamil', 'Bengali']","['Animal Welfare', 'Disaster Relief']",891124
Pranay Biswas,38,['Photography'],"['Marathi', 'Bengali', 'English']","['Arts and Culture', 'Mental Health']",243021
Renee Chandran,34,['Marketing'],['Bengali'],"[""Children's Education""]",938534
Vedika Dhingra,46,"['Fieldwork', 'Nutrition', 'Back-end Programming']",['Telugu'],"['Human Rights', 'Senior Citizen Support']",844356
Biju Chawla,49,['Logistics'],"['Tamil', 'French', 'Marathi']","['Senior Citizen Support', 'Human Rights']",984760
Saksham Seshadri,25,['Counseling'],"['Telugu', 'Bengali', 'English']","[""Women's Empowerment"", 'Environmental Conservation']",921043
Shlok Venkataraman,34,"['Back-end Programming', 'Editing', 'Nutrition']","['Tamil', 'Hindi']",['Sports and Recreation'],721999
Oorja Seshadri,19,['Driving'],"['English', 'Bengali']","['Health Initiatives', 'Youth Development']",222720
Pranay Gera,40,"['Translation', 'Logistics', 'Writing', 'First-Aid']",['Hindi'],['Animal Welfare'],638580
Ryan Anand,41,['Plumbing'],"['English', 'Bengali', 'French']","['Human Rights', 'Food Security']",660546
Kaira Madan,48,"['Photography', 'Marketing']","['Marathi', 'Bengali']",['Mental Health'],854467
Sana Rau,55,['Writing'],['Hindi'],"['Environmental Conservation', 'Arts and Culture']",529941
Sumer Apte,26,['Cooking'],"['Marathi', 'Telugu', 'English']","['Animal Welfare', 'Sports and Recreation']",682003
Mishti Balasubramanian,42,"['Graphic Design', 'Driving', 'Computing']","['English', 'Tamil']","['Disaster Relief', 'Human Rights', ""Children's Education""]",493944
Nakul Bajaj,50,"['Computing', 'Advocacy', 'Photography', 'Babysitting']",['English'],['Senior Citizen Support'],513878
Mamooty Sachdeva,45,['Babysitting'],['Tamil'],"['Environmental Conservation', 'Refugee Assistance']",271088
Darshit Tara,25,['Marketing'],['Marathi'],['Mental Health'],599810
Shray Saini,48,"['Driving', 'Logistics']","['Bengali', 'Telugu', 'French']","['Disaster Relief', 'Youth Development', 'Sports and Recreation']",574613
Himmat Walla,36,"['Advocacy', 'Veterinary', 'Editing', 'Fundraising']",['French'],['Child Welfare'],691273
Alia Kalla,48,['Accounting'],['Telugu'],"['Refugee Assistance', 'Mental Health', 'Disaster Relief']",239084
Taimur Dugal,50,"['Nursing', 'Software Development', 'Back-end Programming', 'Writing']","['Marathi', 'Hindi', 'Tamil']",['Mental Health'],125944
Nehmat Gala,28,['Plumbing'],"['Marathi', 'Bengali']","['Disaster Relief', 'Housing', 'Senior Citizen Support']",501485
Vaibhav Agrawal,29,['Back-end Programming'],"['French', 'English']",['Human Rights'],139066
Prerak Loke,38,['Plumbing'],"['Tamil', 'Hindi', 'Marathi']","['Child Welfare', 'Senior Citizen Support', 'Refugee Assistance']",766401
Tara Bail,45,"['Advocacy', 'Veterinary', 'Fieldwork']","['French', 'Tamil']",['Environmental Conservation'],429501
Yuvraj  Hayer,33,"['Fundraising', 'Teaching', 'Counseling', 'Plumbing']",['Hindi'],['Arts and Culture'],808605
Aarav Krishna,43,['Editing'],"['English', 'Marathi']","['Arts and Culture', 'Human Rights']",408504
Misha Vig,22,"['Hardware Repair', 'Translation', 'Driving', 'Nursing']","['Bengali', 'Marathi', 'English']","[""Children's Education"", 'Senior Citizen Support', ""Women's Empowerment""]",114995
Dhanush Gala,33,['Logistics'],['Telugu'],"[""Women's Empowerment"", 'Human Rights']",387884
Jayesh Dasgupta,41,"['Teaching', 'Back-end Programming', 'Translation', 'Fundraising']","['English', 'Telugu']","['Youth Development', 'Arts and Culture', 'Food Security']",985347
Zara Wason,53,"['Photography', 'Editing', 'Logistics', 'Marketing']","['French', 'Marathi']","[""Women's Empowerment"", 'Sports and Recreation']",436422
Shanaya Subramaniam,50,"['Accounting', 'Translation']",['Hindi'],"['Arts and Culture', 'Child Welfare']",262388
Saanvi Baral,28,"['Fieldwork', 'Accounting', 'Back-end Programming', 'Veterinary']",['French'],['Disaster Relief'],665687
Kismat Ben,53,"['Graphic Design', 'Nutrition']",['Tamil'],"['Animal Welfare', 'Housing']",378092
Rhea Borde,60,"['Back-end Programming', 'Photography', 'Nursing', 'Babysitting']","['French', 'Telugu', 'English']",['Human Rights'],582830
Ojas Garde,37,"['Editing', 'Driving', 'Back-end Programming']","['Bengali', 'Marathi']","['Youth Development', ""Women's Empowerment"", 'Arts and Culture']",436888
Anay Rattan,48,['Lobbying'],"['French', 'Hindi']","['Mental Health', 'Food Security', 'Environmental Conservation']",659529
Charvi Basu,50,"['Marketing', 'Fieldwork', 'Driving']","['Marathi', 'Bengali']",['Environmental Conservation'],122695
Riaan Sampath,36,"['First-Aid', 'Software Development']","['Hindi', 'French']",['Animal Welfare'],804560
Amira Dalal,42,"['Nursing', 'Graphic Design']","['Marathi', 'Bengali', 'French']","['Senior Citizen Support', 'Child Welfare', 'Disaster Relief']",980639
Ishaan Shah,38,['Veterinary'],['French'],"['Human Rights', 'Refugee Assistance', ""Women's Empowerment""]",880266
Shayak Deshmukh,37,"['Graphic Design', 'Accounting']",['French'],['Mental Health'],297348
Vihaan Amble,54,['Advocacy'],"['Hindi', 'Bengali', 'English']","[""Women's Empowerment"", 'Human Rights', 'Child Welfare']",492517
Eva Yohannan,52,"['Graphic Design', 'Fieldwork']","['Bengali', 'French', 'English']",['Refugee Assistance'],535641
Ira Keer,54,"['Marketing', 'Counseling', 'Fieldwork']","['Marathi', 'Hindi']",['Animal Welfare'],349059
Trisha Lata,27,['Teaching'],['Tamil'],"['Mental Health', 'Senior Citizen Support', ""Children's Education""]",705780
Piya Bahl,20,"['Accounting', 'Nursing']","['Tamil', 'Hindi']","['Housing', 'Arts and Culture', 'Child Welfare']",716300
Vivaan Sen,48,"['Advocacy', 'Accounting', 'Nursing', 'Fundraising']","['Bengali', 'Hindi']",['Disaster Relief'],521932
Yuvaan Ghose,45,"['Hardware Repair', 'Computing', 'Cooking']","['French', 'Telugu', 'Tamil']",['Animal Welfare'],244064
Baiju Anne,46,"['Fieldwork', 'Back-end Programming', 'Fundraising', 'Lobbying']","['English', 'Tamil']",['Animal Welfare'],226371
Seher Badal,59,"['Plumbing', 'Hardware Repair']","['Tamil', 'English', 'Telugu']","['Environmental Conservation', 'Housing']",348828
Pihu Sangha,48,['Driving'],"['Hindi', 'French']","['Child Welfare', 'Food Security']",566436
Piya Singh,53,"['Editing', 'Plumbing']",['French'],"['Food Security', ""Children's Education""]",417010
Tarini Lalla,23,"['Fundraising', 'Counseling', 'Babysitting', 'Marketing']","['Telugu', 'Bengali', 'Tamil']","['Environmental Conservation', 'Housing']",682403
Veer Tiwari,47,"['Fundraising', 'Translation', 'Accounting']",['Hindi'],"[""Children's Education""]",990881
Lakshay Bhardwaj,47,"['Nutrition', 'Fieldwork', 'Computing', 'Nursing']","['French', 'Marathi']","[""Children's Education"", 'Health Initiatives']",312725
Zara Dara,47,"['Photography', 'Fundraising']",['French'],['Disaster Relief'],775977
Ishaan Vig,54,"['Nutrition', 'Writing']","['Marathi', 'Hindi']","['Child Welfare', 'Senior Citizen Support', 'Disaster Relief']",307989
Shalv Vaidya,39,"['Babysitting', 'Software Development']","['English', 'Tamil']","['Animal Welfare', 'Food Security']",563358
Keya Tandon,50,"['Editing', 'First-Aid', 'Counseling']","['Telugu', 'Bengali']","['Mental Health', ""Women's Empowerment"", ""Children's Education""]",321123
Jivika Brahmbhatt,47,"['Babysitting', 'Computing', 'Fieldwork', 'Writing']","['Marathi', 'French']","['Youth Development', ""Women's Empowerment"", 'Food Security']",971154
Taran Dhingra,44,"['Advocacy', 'Graphic Design', 'Software Development', 'Nutrition']",['Marathi'],['Food Security'],271489
Samarth Kota,36,"['Advocacy', 'Counseling']",['Tamil'],"['Environmental Conservation', 'Housing', ""Children's Education""]",532612
Kismat Kale,50,['Accounting'],"['Telugu', 'Hindi', 'Tamil']",['Disaster Relief'],872326
Aarav Subramaniam,44,['Nutrition'],"['Telugu', 'Tamil', 'Bengali']",['Mental Health'],873381
Jiya Bains,24,"['Teaching', 'Writing']","['Bengali', 'Telugu']",['Senior Citizen Support'],323544
Gokul Garde,40,"['Software Development', 'Teaching']",['English'],"['Environmental Conservation', 'Arts and Culture', 'Youth Development']",640247
Saira Khatri,44,"['Marketing', 'Teaching', 'Plumbing']","['Tamil', 'Bengali', 'Hindi']",['Mental Health'],126084
Siya Ramesh,52,"['Marketing', 'Nutrition', 'Back-end Programming', 'Fieldwork']","['English', 'Telugu']",['Human Rights'],266413
Darshit Maharaj,50,"['Teaching', 'Fundraising']",['Marathi'],"['Disaster Relief', 'Environmental Conservation']",480943
Ranbir Thakur,49,"['Plumbing', 'Driving', 'Nutrition']",['Bengali'],"[""Women's Empowerment"", 'Mental Health']",586014
Eva Chad,25,"['Translation', 'Fundraising', 'Graphic Design', 'Lobbying']",['Bengali'],['Youth Development'],944101
Nirvi Reddy,31,['Hardware Repair'],"['English', 'Tamil', 'Marathi']","[""Women's Empowerment"", 'Environmental Conservation', 'Senior Citizen Support']",953760
Kavya Bhakta,42,"['Hardware Repair', 'Accounting', 'Driving']","['English', 'Tamil', 'French']","['Housing', 'Youth Development']",436836
Tanya Kalla,21,['Graphic Design'],"['Tamil', 'English', 'Marathi']","['Mental Health', 'Animal Welfare']",540321
Sahil Dhar,49,['Lobbying'],"['Telugu', 'Bengali', 'Marathi']","['Refugee Assistance', 'Youth Development', 'Arts and Culture']",261321
Aaryahi Sood,40,['Computing'],"['Telugu', 'Marathi']","['Refugee Assistance', 'Senior Citizen Support']",602227
Pranay Luthra,29,"['Fundraising', 'Nutrition', 'Photography', 'Editing']","['Telugu', 'Marathi', 'English']","['Youth Development', 'Refugee Assistance']",782925
Shlok Chandran,26,"['Nursing', 'Back-end Programming', 'Accounting', 'Web Programming']","['Marathi', 'Tamil', 'Hindi']",['Refugee Assistance'],660025
Vritika Bobal,33,"['Advocacy', 'Nursing', 'Back-end Programming']","['English', 'Telugu']","['Animal Welfare', 'Refugee Assistance']",204897
Suhana Kumer,26,"['Hardware Repair', 'Teaching', 'Veterinary']","['French', 'Hindi', 'Bengali']","['Health Initiatives', 'Food Security']",225956
Vardaniya Sahota,30,"['Advocacy', 'Hardware Repair', 'Driving', 'Lobbying']","['Marathi', 'English', 'Tamil']",['Housing'],245194
Taran Kata,36,['Nursing'],['English'],"['Sports and Recreation', 'Refugee Assistance']",573542
Jhanvi Jha,47,['Teaching'],"['French', 'English', 'Tamil']","['Environmental Conservation', 'Senior Citizen Support', 'Mental Health']",147194
Advik Golla,20,"['Driving', 'Photography', 'Teaching', 'First-Aid']",['Bengali'],"['Food Security', 'Arts and Culture', 'Disaster Relief']",300673
Pihu Chatterjee,55,"['Back-end Programming', 'Computing', 'Fieldwork']","['Telugu', 'English']","['Arts and Culture', 'Sports and Recreation', 'Animal Welfare']",877454
Mishti Sarma,31,"['Graphic Design', 'Writing']","['Tamil', 'French']","['Arts and Culture', ""Children's Education""]",221336
Advik Setty,30,"['Driving', 'Babysitting', 'Teaching']",['French'],"['Health Initiatives', ""Women's Empowerment""]",387799
Kaira Walla,22,"['Nutrition', 'Fundraising', 'Lobbying', 'Accounting']","['French', 'English']","['Health Initiatives', 'Housing']",561798
Raghav Chanda,24,"['Software Development', 'Plumbing', 'Computing', 'Logistics']","['Hindi', 'English']","['Arts and Culture', 'Housing']",129744
Dhanuk Mangat,58,"['Counseling', 'Teaching', 'Accounting', 'Hardware Repair']","['Telugu', 'Bengali']","['Arts and Culture', 'Sports and Recreation']",529621
Miraan Sharaf,58,"['Veterinary', 'Translation', 'Plumbing']","['Tamil', 'Bengali']",['Human Rights'],931265
Diya Wason,30,"['Back-end Programming', 'Web Programming', 'Computing', 'Cooking']","['Marathi', 'Hindi', 'Bengali']","['Mental Health', 'Disaster Relief', 'Arts and Culture']",937384
Kanav Butala,48,"['Babysitting', 'Lobbying']",['Marathi'],"['Disaster Relief', ""Children's Education"", 'Child Welfare']",290371
Chirag Kala,40,"['Software Development', 'Babysitting', 'Advocacy', 'Cooking']",['Marathi'],['Arts and Culture'],554633
